Category,Planner Starting Example,Reserve-first Alternative,What to check
Venue,11000,9500,"Rental time, required vendors, staffing, cleanup, and overtime"
Catering,13000,12000,"Guest count, food, drinks, service charge, tax, and rentals"
Photography,4000,3500,"Coverage hours, second photographer, albums, travel, and delivery"
Decor,4000,3000,"Flowers, rentals, delivery, setup, teardown, and replacements"
Entertainment,3500,3000,"DJ or band, ceremony audio, equipment, travel, and overtime"
Attire,3000,2500,"Clothing, alterations, shoes, accessories, trials, and beauty services"
Transportation,1500,1500,"Couple transport, family transport, shuttle, parking, and waiting time"
Other,0,5000,"Reserve for costs that are not committed yet"
Total,40000,40000,"Both columns are fictional USD examples, not spending rules"
